	softlabel_mace	entropy_moderation	subjectivity	aggressiveness	constructiveness	relamountRole	#mod_functions	annot_similarity_pre	annot_similarity_post	none	social	improveQuality	organizing	content	broadening	policing	siteIssues	offTopic	agreeYes	agreeNo	opinionNotClear	numAnnotators	softlabel_raw
count	1000.0	1000.0	1000.0	1000.0	1000.0	1000.0	1000.0	1000.0	1000.0	1000.0	1000.0	1000.0	1000.0	1000.0	1000.0	1000.0	1000.0	1000.0	1000.0	1000.0	1000.0	1000.0	1000.0
mean	0.5875431544401121	0.7718060526970121	3.0567579365079363	1.6835801587301586	3.3250873015873013	0.6931468253968253	5.464	0.464583143	0.454478128	0.355	0.01	0.189	0.016	0.15	0.518	0.008	0.004	0.085	4.093	2.032	2.253	8.4	0.6283071428571427
std	0.41554345750826494	0.28201212800042624	0.631497819538194	0.6259177291410277	0.765222811176852	0.1493571769481228	1.4236329339864016	0.070784238760033	0.051432326932403294	0.47875275895205466	0.0995485304256668	0.39170452184322874	0.12553788177183717	0.3572500911513216	0.49992592043814443	0.08912880535463236	0.06315051850925683	0.2790212408632233	2.0529407116537888	1.6129406615178308	1.6527924015806468	1.0203141874153476	0.22494369924037402
min	4.299092983906549e-07	0.0	1.2222222222222223	1.0	1.0	0.4285714285714285	1.0	0.32900003	0.3932222	0.0	0.0	0.0	0.0	0.0	0.0	0.0	0.0	0.0	0.0	0.0	0.0	7.0	0.0
25%	0.08116356577199034	0.5916727785823275	2.625	1.2222222222222223	2.888888888888889	0.5555555555555556	5.0	0.449	0.40500003	0.0	0.0	0.0	0.0	0.0	0.0	0.0	0.0	0.0	3.0	1.0	1.0	7.0	0.4444444444444444
50%	0.7677454345642128	0.8812908992306927	3.1	1.5	3.4285714285714284	0.7142857142857143	6.0	0.47274604	0.443211115	0.0	0.0	0.0	0.0	0.0	1.0	0.0	0.0	0.0	4.0	2.0	2.0	9.0	0.6666666666666666
75%	0.9891571383926226	0.9852281360342516	3.4444444444444446	2.0	3.888888888888889	0.7777777777777778	6.0	0.5017778	0.50388885	1.0	0.0	0.0	0.0	0.0	1.0	0.0	0.0	0.0	6.0	3.0	3.0	9.0	0.7777777777777778
max	0.9999989745021712	1.0	4.714285714285714	4.777777777777778	4.875	1.0	9.0	0.586	0.5402857	1.0	1.0	1.0	1.0	1.0	1.0	1.0	1.0	1.0	10.0	10.0	9.0	10.0	1.0
